{
  "project_info": {
    "project_number": "719535828654",
    "project_id": "kingdommylappv2",
    "storage_bucket": "kingdommylappv2.appspot.com"
  },
  "client": [
    {
      "client_info": {
        "mobilesdk_app_id": "1:719535828654:android:b55b727e7b8ce69d29873f",
        "android_client_info": {
          "package_name": "com.curso.kingdommylappv2"
        }
      },
      "oauth_client": [
        {
          "client_id": "719535828654-g93sgfouadu4o9481vvcn6ipd90slb17.apps.googleusercontent.com",
          "client_type": 3
        }
      ],
      "api_key": [
        {
          "current_key": "AIzaSyAWrQrH8TyS7aakg2vU_zkt6LbTZ3RZdjY"
        }
      ],
      "services": {
        "appinvite_service": {
          "other_platform_oauth_client": [
            {
              "client_id": "719535828654-g93sgfouadu4o9481vvcn6ipd90slb17.apps.googleusercontent.com",
              "client_type": 3
            }
          ]
        }
      }
    }
  ],
  "configuration_version": "1"
}